{
  "project_info": {
    "project_number": "818189331429",
    "firebase_url": "https://the-accountant-8f0d1.firebaseio.com",
    "project_id": "the-accountant-8f0d1",
    "storage_bucket": "the-accountant-8f0d1.appspot.com"
  },
  "client": [
    {
      "client_info": {
        "mobilesdk_app_id": "1:818189331429:android:4e1a9f81cf5a0b92",
        "android_client_info": {
          "package_name": "com.example.amaury.p4_theaccountant"
        }
      },
      "oauth_client": [
        {
          "client_id": "818189331429-dtirj5je2fkm6mld9b268eio24291frc.apps.googleusercontent.com",
          "client_type": 1,
          "android_info": {
            "package_name": "com.example.amaury.p4_theaccountant",
            "certificate_hash": "95dd9b1b537283fac107288ee9457e3eea8b7545"
          }
        },
        {
          "client_id": "818189331429-754tkj84rbjqpskir16l68s62nf922ti.apps.googleusercontent.com",
          "client_type": 3
        }
      ],
      "api_key": [
        {
          "current_key": "AIzaSyCnpkLuPEdB5iGCzd4PKQYFeeYSsROgkxk"
        }
      ],
      "services": {
        "analytics_service": {
          "status": 1
        },
        "appinvite_service": {
          "status": 2,
          "other_platform_oauth_client": [
            {
              "client_id": "818189331429-754tkj84rbjqpskir16l68s62nf922ti.apps.googleusercontent.com",
              "client_type": 3
            }
          ]
        },
        "ads_service": {
          "status": 2
        }
      }
    }
  ],
  "configuration_version": "1"
}